TemplateID,GreenRatio,BlueRatio,GreenRank,BlueRank
541,0.1506,0.027,1,858
252,0.1502,0.0269,2,864
602,0.1497,0.0283,3,768
792,0.1495,0.0244,4,931
631,0.1494,0.0259,5,897
672,0.1494,0.027,6,860
701,0.1492,0.0245,7,926
188,0.1491,0.0275,8,817
655,0.1484,0.0298,9,671
732,0.1481,0.0318,10,486
854,0.1478,0.0319,11,465
149,0.1477,0.025,12,918
997,0.1475,0.032,13,459
206,0.1474,0.032,14,457
614,0.1473,0.0331,15,359
539,0.1473,0.0247,16,923
274,0.1473,0.0245,17,927
397,0.1473,0.0271,18,849
590,0.1472,0.0309,19,578
332,0.1472,0.0238,20,946
545,0.147,0.0248,21,920
266,0.1469,0.0296,22,686
393,0.1468,0.0233,23,954
743,0.1468,0.0321,24,442
281,0.1464,0.0259,25,895
16,0.1464,0.0261,26,891
810,0.1463,0.0253,27,910
971,0.1461,0.0332,28,337
485,0.146,0.0277,29,812
663,0.1459,0.0299,30,669
438,0.1458,0.0283,31,767
653,0.1458,0.0214,32,971
867,0.1458,0.0331,33,352
48,0.1458,0.026,34,892
8,0.1457,0.0211,35,974
930,0.1457,0.0325,36,418
452,0.1457,0.0209,37,977
499,0.1455,0.0337,38,299
948,0.1454,0.0318,39,483
171,0.1454,0.0335,40,322
845,0.1453,0.0301,41,657
356,0.1453,0.0206,42,984
873,0.1453,0.0208,43,980
454,0.1453,0.0208,44,979
535,0.1452,0.0272,45,840
353,0.1452,0.0285,46,753
378,0.1452,0.0213,47,972
559,0.1452,0.034,48,285
359,0.1451,0.0279,49,798
241,0.1451,0.0324,50,426
691,0.145,0.0265,51,878
233,0.145,0.0326,52,403
333,0.145,0.0327,53,400
578,0.1449,0.0273,54,831
909,0.1448,0.0336,55,311
994,0.1448,0.0272,56,839
685,0.1447,0.0321,57,444
129,0.1447,0.0281,58,785
152,0.1447,0.0275,59,825
988,0.1445,0.0202,60,989
340,0.1444,0.0271,61,855
673,0.1444,0.0279,62,801
177,0.1444,0.0221,63,963
876,0.1443,0.028,64,789
652,0.1443,0.0288,65,732
493,0.1442,0.0211,66,973
182,0.1442,0.0278,67,802
537,0.1442,0.0344,68,260
780,0.1441,0.0202,69,990
329,0.144,0.0345,70,254
611,0.144,0.0284,71,759
710,0.144,0.0348,72,236
405,0.1439,0.0278,73,804
400,0.1439,0.0253,74,912
121,0.1439,0.0359,75,176
142,0.1439,0.03,76,662
170,0.1438,0.0261,77,890
310,0.1438,0.0292,78,708
826,0.1438,0.0287,79,739
496,0.1438,0.0256,80,904
457,0.1437,0.0206,81,983
959,0.1436,0.0328,82,386
304,0.1436,0.0264,83,882
869,0.1436,0.0351,84,217
736,0.1435,0.0205,85,986
761,0.1435,0.0207,86,981
368,0.1435,0.0262,87,888
54,0.1435,0.0274,88,826
966,0.1435,0.0209,89,976
448,0.1435,0.0351,90,222
832,0.1434,0.0204,91,988
689,0.1434,0.0299,92,667
459,0.1434,0.0346,93,248
471,0.1433,0.0205,94,987
413,0.1433,0.0336,95,308
164,0.1433,0.0291,96,711
656,0.1432,0.0331,97,350
728,0.1432,0.0269,98,862
315,0.1432,0.0235,99,951
9,0.1431,0.0313,100,537
461,0.1431,0.0297,101,678
516,0.1431,0.0297,102,680
582,0.1431,0.0349,103,228
674,0.143,0.0237,104,949
451,0.143,0.0334,105,326
479,0.143,0.0316,106,498
337,0.1429,0.0209,107,978
624,0.1429,0.0268,108,867
254,0.1429,0.0309,109,580
727,0.1428,0.0312,110,561
108,0.1427,0.0295,111,692
183,0.1427,0.0318,112,472
794,0.1426,0.0352,113,209
364,0.1426,0.0312,114,553
351,0.1424,0.0223,115,962
546,0.1424,0.0298,116,674
976,0.1424,0.0302,117,654
321,0.1423,0.0234,118,953
258,0.1422,0.0329,119,369
32,0.1422,0.0312,120,551
846,0.1422,0.0316,121,505
725,0.1422,0.0216,122,969
156,0.1421,0.0291,123,713
591,0.142,0.0295,124,698
958,0.142,0.0312,125,550
213,0.142,0.0279,126,800
628,0.1419,0.0294,127,705
415,0.1419,0.0358,128,182
14,0.1418,0.029,129,718
68,0.1417,0.0386,130,48
642,0.1416,0.0274,131,827
715,0.1416,0.03,132,661
27,0.1415,0.0303,133,645
702,0.1414,0.029,134,720
238,0.1414,0.0317,135,490
309,0.1414,0.0309,136,586
174,0.1414,0.0321,137,449
688,0.1414,0.0302,138,655
709,0.1414,0.0273,139,832
232,0.1412,0.0296,140,684
24,0.1412,0.0286,141,743
335,0.1412,0.034,142,284
216,0.1412,0.0315,143,518
616,0.1412,0.0332,144,341
693,0.1412,0.0327,145,401
809,0.1412,0.0295,146,697
822,0.1412,0.0236,147,950
483,0.1411,0.0329,148,370
1,0.141,0.0248,149,921
90,0.1409,0.0328,150,373
165,0.1409,0.0319,151,467
148,0.1408,0.0365,152,148
138,0.1408,0.0237,153,948
820,0.1408,0.0284,154,765
605,0.1408,0.0318,155,480
195,0.1408,0.0295,156,689
753,0.1407,0.0326,157,409
918,0.1407,0.0309,158,585
744,0.1407,0.0267,159,875
344,0.1406,0.0318,160,485
647,0.1406,0.0345,161,251
13,0.1406,0.031,162,568
402,0.1406,0.0321,163,447
62,0.1405,0.0358,164,179
406,0.1404,0.032,165,456
280,0.1404,0.0319,166,470
28,0.1404,0.0303,167,643
235,0.1403,0.0272,168,842
561,0.1403,0.0335,169,316
441,0.1402,0.0275,170,820
371,0.1402,0.0295,171,696
532,0.1402,0.0365,172,146
434,0.1402,0.0295,173,691
284,0.1402,0.0268,174,869
791,0.1401,0.0299,175,668
706,0.1401,0.0206,176,982
929,0.1401,0.0256,177,903
134,0.1401,0.0285,178,752
980,0.14,0.0303,179,638
529,0.14,0.0268,180,870
112,0.1399,0.0332,181,338
126,0.1399,0.0327,182,395
5,0.1398,0.0327,183,392
931,0.1398,0.034,184,286
977,0.1398,0.028,185,790
816,0.1398,0.0287,186,738
234,0.1397,0.0314,187,522
626,0.1397,0.0302,188,656
96,0.1396,0.0253,189,911
372,0.1396,0.0298,190,670
805,0.1396,0.0288,191,731
919,0.1396,0.0279,192,796
951,0.1395,0.0274,193,828
756,0.1394,0.0338,194,293
553,0.1394,0.0282,195,781
102,0.1394,0.0314,196,526
818,0.1394,0.0216,197,968
852,0.1394,0.0282,198,778
923,0.1393,0.0373,199,114
637,0.1393,0.0339,200,289
638,0.1392,0.0286,201,742
941,0.1391,0.0288,202,733
464,0.1391,0.0341,203,279
551,0.1391,0.0338,204,295
580,0.1391,0.0255,205,905
349,0.1391,0.0331,206,346
962,0.139,0.0336,207,306
506,0.139,0.0301,208,659
705,0.139,0.0199,209,991
411,0.1389,0.0315,210,512
292,0.1389,0.0206,211,985
307,0.1389,0.0303,212,641
531,0.1388,0.0264,213,881
593,0.1387,0.0314,214,523
71,0.1387,0.0296,215,685
894,0.1387,0.0309,216,579
515,0.1387,0.0353,217,202
773,0.1387,0.033,218,363
159,0.1386,0.0305,219,629
770,0.1386,0.0331,220,348
410,0.1385,0.0343,221,268
649,0.1385,0.0316,222,495
473,0.1385,0.0291,223,712
489,0.1385,0.0314,224,529
463,0.1385,0.0313,225,543
667,0.1384,0.0328,226,377
143,0.1384,0.024,227,940
116,0.1383,0.0347,228,242
436,0.1383,0.032,229,455
443,0.1383,0.035,230,227
907,0.1382,0.0328,231,378
699,0.1382,0.037,232,127
185,0.1381,0.0373,233,110
498,0.1381,0.0352,234,211
544,0.1381,0.0287,235,737
369,0.1381,0.0331,236,354
160,0.138,0.0327,237,393
660,0.138,0.0318,238,478
598,0.138,0.0319,239,463
504,0.138,0.0377,240,92
766,0.1379,0.0335,241,314
969,0.1379,0.0359,242,177
853,0.1378,0.0312,243,560
843,0.1378,0.0374,244,104
579,0.1378,0.0297,245,679
492,0.1377,0.0377,246,93
45,0.1377,0.0372,247,115
189,0.1377,0.025,248,917
603,0.1376,0.0355,249,190
844,0.1376,0.021,250,975
569,0.1376,0.0382,251,62
408,0.1376,0.0268,252,871
750,0.1376,0.0379,253,81
839,0.1375,0.0264,254,883
999,0.1375,0.0257,255,902
560,0.1375,0.0378,256,88
992,0.1375,0.0377,257,96
432,0.1375,0.0345,258,253
246,0.1374,0.0307,259,604
764,0.1374,0.0332,260,345
290,0.1374,0.0345,261,252
39,0.1374,0.0321,262,443
394,0.1373,0.0389,263,46
334,0.1373,0.0322,264,438
683,0.1373,0.0215,265,970
480,0.1372,0.0239,266,941
209,0.1372,0.0377,267,95
474,0.1371,0.0322,268,437
325,0.1371,0.0302,269,653
502,0.1371,0.0319,270,466
632,0.1371,0.0337,271,300
374,0.137,0.0259,272,896
973,0.137,0.0362,273,162
72,0.1369,0.034,274,288
748,0.1369,0.0333,275,330
684,0.1369,0.0381,276,72
146,0.1369,0.0305,277,626
987,0.1368,0.029,278,716
477,0.1368,0.0306,279,618
696,0.1368,0.0219,280,966
7,0.1367,0.033,281,362
419,0.1367,0.0348,282,234
859,0.1367,0.0308,283,592
472,0.1367,0.0334,284,328
585,0.1367,0.035,285,226
646,0.1366,0.0303,286,646
101,0.1366,0.0346,287,245
865,0.1366,0.0351,288,220
269,0.1366,0.0297,289,682
670,0.1366,0.0229,290,957
675,0.1365,0.0277,291,810
15,0.1365,0.0287,292,740
720,0.1365,0.0264,293,880
265,0.1365,0.0265,294,879
220,0.1364,0.0354,295,198
507,0.1364,0.0325,296,416
682,0.1364,0.0294,297,706
250,0.1364,0.0307,298,609
623,0.1364,0.0285,299,751
328,0.1364,0.0217,300,967
59,0.1364,0.0306,301,616
248,0.1364,0.0271,302,844
110,0.1363,0.0333,303,331
41,0.1363,0.0279,304,795
681,0.1363,0.0329,305,367
595,0.1363,0.0266,306,876
785,0.1363,0.0331,307,349
3,0.1363,0.0314,308,530
386,0.1363,0.0376,309,99
339,0.1362,0.0316,310,504
495,0.1362,0.0294,311,700
98,0.1362,0.0343,312,263
509,0.1361,0.0325,313,413
562,0.1361,0.0289,314,729
523,0.1361,0.038,315,78
731,0.1361,0.0384,316,51
671,0.1361,0.0283,317,777
75,0.1361,0.0384,318,54
668,0.136,0.0283,319,771
398,0.136,0.0376,320,98
634,0.136,0.0281,321,783
621,0.136,0.0303,322,639
88,0.1359,0.0348,323,237
767,0.1359,0.0313,324,545
721,0.1359,0.0382,325,66
355,0.1358,0.0378,326,85
219,0.1358,0.0283,327,773
222,0.1358,0.022,328,965
998,0.1358,0.0351,329,215
501,0.1358,0.0295,330,690
927,0.1358,0.0372,331,118
555,0.1358,0.0232,332,955
239,0.1358,0.0294,333,703
151,0.1357,0.0313,334,544
505,0.1357,0.0281,335,786
707,0.1356,0.0307,336,612
192,0.1356,0.0294,337,704
824,0.1356,0.029,338,721
201,0.1356,0.0283,339,775
77,0.1356,0.0351,340,216
777,0.1356,0.0221,341,964
44,0.1355,0.0258,342,899
861,0.1355,0.0353,343,199
144,0.1355,0.0282,344,780
635,0.1355,0.0308,345,596
262,0.1354,0.0345,346,256
600,0.1354,0.0353,347,206
388,0.1354,0.0234,348,952
490,0.1353,0.0258,349,898
107,0.1353,0.0296,350,687
581,0.1353,0.0283,351,770
204,0.1353,0.0227,352,960
42,0.1353,0.0318,353,475
981,0.1353,0.0287,354,736
788,0.1352,0.0382,355,64
708,0.1352,0.0277,356,809
218,0.1352,0.0346,357,246
833,0.1352,0.028,358,791
751,0.1352,0.029,359,723
35,0.1352,0.0278,360,808
825,0.1352,0.0286,361,744
407,0.1351,0.0315,362,519
162,0.1351,0.0323,363,434
306,0.1351,0.0402,364,38
317,0.1351,0.04,365,39
449,0.1351,0.0284,366,764
373,0.1351,0.0318,367,487
207,0.1351,0.0313,368,548
733,0.135,0.0323,369,430
889,0.135,0.0311,370,566
644,0.135,0.0297,371,676
565,0.135,0.0285,372,757
350,0.135,0.0283,373,769
208,0.135,0.0377,374,91
214,0.135,0.0288,375,735
776,0.135,0.0324,376,424
56,0.1349,0.0284,377,762
199,0.1349,0.0342,378,270
125,0.1349,0.0228,379,959
65,0.1348,0.0303,380,647
618,0.1348,0.0278,381,806
387,0.1348,0.0335,382,315
620,0.1347,0.0338,383,297
716,0.1347,0.0323,384,429
680,0.1347,0.0327,385,396
4,0.1347,0.0321,386,448
193,0.1346,0.0323,387,435
908,0.1346,0.0295,388,695
303,0.1346,0.0319,389,469
986,0.1346,0.0402,390,37
640,0.1344,0.0298,391,672
184,0.1344,0.0328,392,375
469,0.1344,0.0353,393,203
877,0.1343,0.0283,394,774
870,0.1343,0.0318,395,477
370,0.1343,0.0231,396,956
420,0.1343,0.0382,397,61
759,0.1342,0.0299,398,665
643,0.1342,0.0314,399,531
607,0.1342,0.0294,400,701
226,0.1341,0.0334,401,327
330,0.1341,0.0399,402,40
617,0.1341,0.0286,403,748
25,0.1341,0.0332,404,344
920,0.134,0.0299,405,666
723,0.134,0.0229,406,958
200,0.134,0.0275,407,822
211,0.134,0.0298,408,673
512,0.134,0.0292,409,709
244,0.134,0.0316,410,510
530,0.1339,0.0326,411,407
488,0.1339,0.0305,412,624
482,0.1339,0.0286,413,746
435,0.1339,0.0302,414,650
972,0.1339,0.0306,415,614
676,0.1339,0.0288,416,734
225,0.1338,0.0395,417,42
158,0.1338,0.0313,418,536
367,0.1338,0.0358,419,185
755,0.1338,0.0343,420,266
322,0.1338,0.0315,421,517
945,0.1338,0.0378,422,87
261,0.1338,0.0378,423,86
186,0.1337,0.0316,424,497
36,0.1337,0.0371,425,126
166,0.1337,0.0245,426,925
549,0.1337,0.0294,427,699
836,0.1337,0.0361,428,165
115,0.1337,0.0342,429,273
557,0.1336,0.0318,430,481
0,0.1336,0.0367,431,141
19,0.1336,0.0285,432,758
570,0.1336,0.0224,433,961
342,0.1336,0.0313,434,539
270,0.1336,0.0312,435,558
503,0.1335,0.028,436,792
389,0.1335,0.0295,437,688
622,0.1335,0.0346,438,244
305,0.1335,0.0393,439,45
734,0.1334,0.0329,440,372
311,0.1334,0.0318,441,474
548,0.1334,0.0345,442,255
594,0.1334,0.0338,443,296
802,0.1333,0.0312,444,549
237,0.1333,0.0324,445,425
741,0.1333,0.0284,446,761
131,0.1332,0.0371,447,122
202,0.1332,0.0241,448,935
99,0.1332,0.0394,449,43
366,0.1331,0.0345,450,250
518,0.1331,0.0328,451,384
525,0.1331,0.0297,452,677
808,0.133,0.0312,453,554
427,0.133,0.0325,454,415
883,0.133,0.0255,455,907
934,0.133,0.0309,456,584
967,0.133,0.0286,457,745
286,0.1329,0.0329,458,365
612,0.1329,0.0303,459,644
895,0.1329,0.0298,460,675
983,0.1329,0.0355,461,191
301,0.1329,0.0287,462,741
439,0.1329,0.0286,463,749
922,0.1328,0.0239,464,943
878,0.1328,0.0307,465,611
947,0.1328,0.0285,466,750
538,0.1327,0.0301,467,660
964,0.1327,0.0278,468,805
94,0.1327,0.029,469,717
868,0.1327,0.0238,470,945
629,0.1326,0.0282,471,779
811,0.1326,0.031,472,575
882,0.1326,0.0383,473,60
169,0.1326,0.0326,474,411
589,0.1326,0.0239,475,942
43,0.1325,0.0307,476,601
456,0.1325,0.0359,477,175
692,0.1325,0.036,478,166
153,0.1325,0.0327,479,387
430,0.1324,0.0308,480,599
659,0.1324,0.0327,481,397
847,0.1324,0.0284,482,760
949,0.1324,0.0244,483,932
703,0.1324,0.027,484,859
954,0.1323,0.0328,485,385
768,0.1322,0.0363,486,160
932,0.1322,0.0386,487,49
995,0.1322,0.033,488,360
279,0.1321,0.0322,489,441
409,0.1321,0.0328,490,381
717,0.1321,0.0303,491,640
60,0.1321,0.0243,492,933
319,0.132,0.0366,493,144
819,0.132,0.0309,494,581
297,0.132,0.0375,495,101
433,0.132,0.029,496,724
564,0.1319,0.0321,497,445
22,0.1319,0.0325,498,412
874,0.1319,0.0242,499,934
806,0.1319,0.0336,500,313
133,0.1318,0.0382,501,63
259,0.1318,0.0245,502,929
645,0.1318,0.029,503,715
69,0.1318,0.0315,504,514
196,0.1318,0.0299,505,664
256,0.1318,0.0304,506,630
122,0.1317,0.0316,507,493
893,0.1317,0.0334,508,324
871,0.1317,0.034,509,282
795,0.1317,0.0251,510,916
757,0.1317,0.0295,511,693
609,0.1317,0.0273,512,833
347,0.1316,0.0309,513,576
123,0.1316,0.032,514,451
912,0.1316,0.0342,515,269
944,0.1316,0.0268,516,868
40,0.1316,0.0384,517,53
730,0.1315,0.0316,518,500
470,0.1315,0.0351,519,213
247,0.1315,0.032,520,461
445,0.1315,0.0302,521,651
352,0.1314,0.0249,522,919
639,0.1314,0.0268,523,873
533,0.1314,0.0372,524,120
946,0.1314,0.035,525,223
360,0.1314,0.0338,526,298
194,0.1312,0.0329,527,371
190,0.1312,0.032,528,458
831,0.1312,0.0371,529,124
511,0.1312,0.0268,530,865
327,0.1312,0.0368,531,136
574,0.1312,0.0305,532,621
830,0.1311,0.0374,533,107
797,0.1311,0.0313,534,546
913,0.1311,0.0323,535,428
428,0.1311,0.031,536,574
106,0.1311,0.0309,537,582
51,0.131,0.0374,538,105
450,0.131,0.0241,539,938
625,0.131,0.0281,540,784
34,0.1309,0.0309,541,577
135,0.1309,0.0339,542,290
91,0.1309,0.0385,543,50
425,0.1309,0.0238,544,947
478,0.1308,0.0325,545,414
694,0.1308,0.0312,546,557
320,0.1308,0.034,547,287
858,0.1307,0.0277,548,811
775,0.1307,0.0326,549,408
467,0.1307,0.0323,550,432
704,0.1307,0.0358,551,183
554,0.1306,0.0381,552,74
197,0.1306,0.0316,553,501
365,0.1306,0.0337,554,304
745,0.1306,0.0318,555,482
404,0.1305,0.0254,556,909
534,0.1305,0.0323,557,431
619,0.1305,0.0343,558,267
803,0.1305,0.0271,559,847
547,0.1305,0.0305,560,627
302,0.1305,0.0271,561,848
316,0.1304,0.0281,562,782
650,0.1303,0.0329,563,364
514,0.1303,0.0268,564,872
747,0.1303,0.0407,565,35
264,0.1303,0.0275,566,818
64,0.1302,0.0334,567,325
543,0.1302,0.0363,568,157
522,0.1302,0.0408,569,34
963,0.1302,0.0349,570,231
938,0.1302,0.0438,571,18
343,0.1302,0.028,572,794
921,0.1302,0.0332,573,342
572,0.1301,0.0285,574,756
899,0.1301,0.0253,575,913
807,0.1301,0.0316,576,503
76,0.1301,0.0272,577,841
584,0.1301,0.0312,578,556
928,0.1301,0.0313,579,540
67,0.1301,0.0311,580,565
243,0.1301,0.0247,581,924
12,0.13,0.0272,582,838
85,0.13,0.038,583,75
758,0.13,0.0313,584,535
31,0.13,0.0304,585,634
230,0.13,0.0248,586,922
453,0.13,0.0359,587,172
508,0.13,0.0313,588,541
132,0.1299,0.0315,589,511
855,0.1299,0.0316,590,507
313,0.1299,0.0308,591,590
604,0.1299,0.034,592,283
597,0.1299,0.0271,593,850
817,0.1299,0.0255,594,908
497,0.1299,0.0327,595,389
550,0.1298,0.0305,596,622
837,0.1298,0.0351,597,218
864,0.1298,0.0369,598,134
53,0.1298,0.0306,599,615
23,0.1298,0.0332,600,336
752,0.1298,0.0331,601,358
678,0.1298,0.0244,602,930
175,0.1297,0.0374,603,108
905,0.1297,0.0341,604,278
227,0.1297,0.0271,605,854
857,0.1297,0.0307,606,602
323,0.1297,0.034,607,281
318,0.1297,0.0303,608,649
904,0.1297,0.0384,609,55
50,0.1297,0.0355,610,195
851,0.1296,0.029,611,725
813,0.1296,0.0313,612,542
735,0.1296,0.0352,613,208
251,0.1296,0.0377,614,94
804,0.1296,0.037,615,130
884,0.1296,0.0343,616,262
567,0.1296,0.0378,617,89
455,0.1296,0.0323,618,433
737,0.1296,0.0359,619,171
293,0.1296,0.0297,620,683
242,0.1295,0.032,621,452
363,0.1295,0.0327,622,388
267,0.1295,0.0318,623,488
58,0.1295,0.0409,624,32
300,0.1295,0.0357,625,187
273,0.1295,0.0364,626,149
245,0.1295,0.0271,627,846
729,0.1295,0.0322,628,440
519,0.1295,0.0257,629,901
990,0.1295,0.0288,630,730
314,0.1295,0.0291,631,710
139,0.1295,0.0347,632,239
801,0.1295,0.0353,633,205
952,0.1295,0.0334,634,329
117,0.1295,0.0308,635,589
829,0.1294,0.0342,636,274
784,0.1294,0.0255,637,906
774,0.1294,0.0338,638,292
431,0.1294,0.0375,639,102
630,0.1294,0.0284,640,763
573,0.1294,0.0356,641,189
823,0.1294,0.0368,642,137
679,0.1293,0.0327,643,402
215,0.1293,0.0369,644,135
95,0.1293,0.0351,645,214
61,0.1293,0.0355,646,194
739,0.1293,0.0252,647,914
746,0.1293,0.0279,648,799
711,0.1293,0.0308,649,600
982,0.1293,0.0245,650,928
414,0.1293,0.0312,651,562
697,0.1293,0.0382,652,68
49,0.1293,0.0295,653,694
885,0.1293,0.0369,654,133
299,0.1293,0.0276,655,816
984,0.1292,0.0349,656,233
970,0.1292,0.0279,657,797
787,0.1292,0.0238,658,944
10,0.1292,0.032,659,454
381,0.1292,0.0342,660,277
901,0.1291,0.0349,661,230
21,0.1291,0.0325,662,417
399,0.1291,0.0418,663,29
911,0.1291,0.0312,664,555
662,0.1291,0.0329,665,368
669,0.1291,0.0324,666,420
312,0.1291,0.0358,667,180
957,0.1291,0.0315,668,513
140,0.129,0.031,669,572
718,0.129,0.0379,670,82
89,0.129,0.0345,671,258
850,0.129,0.0326,672,405
354,0.129,0.026,673,894
633,0.129,0.0358,674,184
437,0.129,0.0358,675,178
760,0.129,0.0268,676,866
120,0.1289,0.0359,677,173
26,0.1289,0.0318,678,476
583,0.1289,0.0426,679,22
338,0.1289,0.0317,680,492
714,0.1289,0.0423,681,24
57,0.1289,0.038,682,77
421,0.1289,0.038,683,76
66,0.1289,0.024,684,939
487,0.1288,0.027,685,861
860,0.1288,0.0374,686,103
942,0.1288,0.0379,687,80
272,0.1288,0.0382,688,67
288,0.1288,0.0336,689,310
796,0.1288,0.0316,690,502
20,0.1288,0.0241,691,936
880,0.1288,0.0319,692,468
167,0.1288,0.0379,693,79
331,0.1287,0.0357,694,186
384,0.1287,0.0439,695,17
38,0.1287,0.031,696,569
362,0.1287,0.0315,697,516
287,0.1287,0.0258,698,900
341,0.1287,0.0331,699,356
446,0.1287,0.0344,700,259
965,0.1286,0.0328,701,376
392,0.1286,0.0373,702,113
228,0.1286,0.0383,703,59
960,0.1286,0.0277,704,813
277,0.1286,0.0289,705,728
596,0.1286,0.0366,706,142
163,0.1286,0.0304,707,633
444,0.1285,0.0241,708,937
172,0.1285,0.0337,709,301
814,0.1285,0.0273,710,837
606,0.1285,0.0273,711,835
416,0.1285,0.0381,712,73
552,0.1285,0.0271,713,852
63,0.1285,0.0303,714,637
86,0.1285,0.0264,715,884
812,0.1285,0.0264,716,885
423,0.1284,0.0307,717,605
87,0.1284,0.0336,718,312
118,0.1284,0.029,719,714
762,0.1284,0.0377,720,97
92,0.1284,0.0323,721,427
563,0.1284,0.0318,722,484
782,0.1283,0.0384,723,52
78,0.1283,0.0309,724,583
475,0.1283,0.0337,725,303
641,0.1283,0.0439,726,16
426,0.1283,0.0316,727,509
989,0.1283,0.027,728,857
781,0.1283,0.0341,729,280
902,0.1283,0.0307,730,606
47,0.1283,0.0355,731,196
978,0.1282,0.0327,732,391
154,0.1282,0.0382,733,65
109,0.1282,0.0372,734,119
513,0.1282,0.0349,735,232
719,0.1282,0.036,736,167
827,0.1282,0.0346,737,249
30,0.1282,0.0373,738,112
217,0.1282,0.0275,739,819
377,0.1282,0.0373,740,109
212,0.1282,0.0364,741,150
779,0.1281,0.0319,742,471
113,0.1281,0.0273,743,830
610,0.1281,0.0294,744,702
586,0.1281,0.037,745,129
298,0.1281,0.0285,746,754
484,0.1281,0.0305,747,623
268,0.1281,0.0269,748,863
939,0.1281,0.0278,749,803
104,0.1281,0.0273,750,834
985,0.1281,0.0314,751,521
783,0.128,0.0276,752,814
114,0.128,0.0327,753,390
128,0.128,0.0318,754,473
636,0.128,0.035,755,225
253,0.128,0.0286,756,747
173,0.128,0.0362,757,161
540,0.128,0.0285,758,755
191,0.128,0.0331,759,353
481,0.128,0.0362,760,163
903,0.128,0.0289,761,727
677,0.1279,0.0352,762,210
887,0.1279,0.0423,763,26
18,0.1279,0.0311,764,564
296,0.1279,0.0275,765,821
157,0.1279,0.028,766,787
924,0.1279,0.0377,767,90
575,0.1279,0.0332,768,339
382,0.1278,0.0308,769,593
937,0.1278,0.0444,770,15
150,0.1278,0.0337,771,302
249,0.1278,0.037,772,128
282,0.1278,0.0375,773,100
536,0.1277,0.0387,774,47
658,0.1277,0.0304,775,635
520,0.1277,0.0335,776,321
181,0.1277,0.0371,777,123
627,0.1277,0.027,778,856
468,0.1277,0.0331,779,355
526,0.1277,0.0252,780,915
738,0.1277,0.0293,781,707
906,0.1277,0.0342,782,272
103,0.1277,0.0314,783,524
661,0.1277,0.0313,784,538
81,0.1277,0.0335,785,320
111,0.1276,0.0332,786,343
136,0.1276,0.0369,787,132
991,0.1276,0.0283,788,776
442,0.1276,0.0311,789,563
168,0.1276,0.0344,790,261
956,0.1276,0.0324,791,422
275,0.1276,0.0308,792,594
724,0.1275,0.0347,793,240
346,0.1275,0.0271,794,845
686,0.1275,0.0336,795,305
608,0.1275,0.0324,796,419
418,0.1275,0.0315,797,515
422,0.1275,0.0343,798,264
772,0.1275,0.0263,799,886
568,0.1275,0.0363,800,159
917,0.1275,0.0329,801,366
417,0.1275,0.0308,802,597
429,0.1275,0.0318,803,479
255,0.1274,0.0275,804,823
462,0.1274,0.0328,805,380
358,0.1274,0.0327,806,394
289,0.1274,0.0309,807,587
93,0.1274,0.0335,808,319
465,0.1274,0.0374,809,106
740,0.1274,0.0332,810,340
308,0.1274,0.0328,811,374
665,0.1274,0.0383,812,58
82,0.1274,0.0316,813,499
376,0.1274,0.0328,814,383
517,0.1274,0.0324,815,423
654,0.1274,0.0274,816,829
375,0.1274,0.037,817,131
137,0.1273,0.0328,818,379
900,0.1273,0.0361,819,164
848,0.1273,0.0358,820,181
975,0.1273,0.0408,821,33
379,0.1273,0.0284,822,766
891,0.1273,0.0327,823,399
278,0.1273,0.0352,824,212
84,0.1273,0.0353,825,200
257,0.1272,0.0314,826,525
494,0.1272,0.0332,827,335
838,0.1272,0.0328,828,382
271,0.1272,0.0276,829,815
558,0.1272,0.0263,830,887
664,0.1272,0.0342,831,276
145,0.1272,0.0381,832,69
390,0.1272,0.0316,833,494
161,0.1272,0.0326,834,410
223,0.1272,0.0372,835,121
326,0.1272,0.0336,836,307
690,0.1272,0.0355,837,193
460,0.1271,0.0283,838,772
943,0.1271,0.0381,839,70
872,0.1271,0.0347,840,238
599,0.1271,0.0354,841,197
888,0.1271,0.0315,842,520
155,0.1271,0.031,843,570
849,0.1271,0.0347,844,241
11,0.1271,0.0371,845,125
726,0.1271,0.0349,846,229
890,0.1271,0.0306,847,617
236,0.1271,0.0345,848,257
391,0.1271,0.0275,849,824
380,0.1271,0.0353,850,201
799,0.127,0.0289,851,726
500,0.127,0.0314,852,527
198,0.127,0.031,853,571
527,0.127,0.036,854,168
52,0.127,0.0311,855,567
840,0.127,0.0379,856,83
778,0.127,0.0278,857,807
263,0.127,0.0304,858,631
205,0.1269,0.0335,859,323
83,0.1269,0.026,860,893
896,0.1269,0.0261,861,889
260,0.1268,0.032,862,460
749,0.1268,0.0322,863,439
401,0.1268,0.0383,864,57
521,0.1268,0.0363,865,155
141,0.1268,0.0381,866,71
713,0.1268,0.0271,867,843
961,0.1268,0.0327,868,398
440,0.1268,0.0319,869,462
127,0.1267,0.0301,870,658
651,0.1267,0.0364,871,151
70,0.1267,0.0271,872,853
789,0.1267,0.0352,873,207
793,0.1267,0.0384,874,56
910,0.1267,0.0363,875,158
396,0.1267,0.0378,876,84
786,0.1267,0.028,877,788
276,0.1267,0.0324,878,421
231,0.1267,0.0267,879,874
524,0.1266,0.0316,880,506
722,0.1266,0.0314,881,528
556,0.1266,0.0313,882,534
834,0.1266,0.0367,883,140
336,0.1265,0.0366,884,143
615,0.1263,0.0307,885,608
950,0.1262,0.0312,886,559
124,0.1262,0.0331,887,357
897,0.1261,0.0406,888,36
100,0.1261,0.0273,889,836
613,0.1261,0.0316,890,496
695,0.1261,0.0363,891,154
283,0.1261,0.0314,892,532
74,0.1261,0.0297,893,681
476,0.126,0.028,894,793
17,0.126,0.029,895,719
119,0.126,0.0265,896,877
357,0.1259,0.0364,897,153
771,0.1259,0.0305,898,628
510,0.1258,0.0271,899,851
700,0.1258,0.032,900,450
588,0.1258,0.0373,901,111
180,0.1258,0.03,902,663
856,0.1257,0.0321,903,446
97,0.1257,0.0353,904,204
841,0.1257,0.0313,905,547
542,0.1256,0.029,906,722
915,0.1253,0.0363,907,156
979,0.125,0.0367,908,138
828,0.1249,0.0306,909,613
712,0.1248,0.0424,910,23
898,0.1248,0.0312,911,552
821,0.1247,0.0422,912,28
765,0.1246,0.032,913,453
361,0.1246,0.0423,914,25
46,0.1246,0.0351,915,221
79,0.1246,0.0365,916,147
33,0.1245,0.0365,917,145
974,0.1245,0.0314,918,533
229,0.1244,0.036,919,169
886,0.1244,0.0488,920,4
295,0.1244,0.0436,921,20
815,0.1243,0.0367,922,139
294,0.1243,0.0355,923,192
187,0.1242,0.036,924,170
285,0.124,0.0308,925,598
863,0.1237,0.0364,926,152
996,0.1236,0.033,927,361
955,0.1236,0.0305,928,620
2,0.1236,0.0326,929,406
491,0.1236,0.0317,930,491
835,0.1235,0.0422,931,27
914,0.1235,0.0316,932,508
528,0.1235,0.0303,933,648
447,0.1234,0.0317,934,489
862,0.1233,0.0393,935,44
763,0.1233,0.0497,936,1
424,0.1233,0.0359,937,174
291,0.1232,0.0333,938,334
926,0.123,0.0445,939,14
73,0.123,0.0488,940,5
800,0.123,0.0473,941,9
210,0.1229,0.0356,942,188
648,0.1229,0.0491,943,3
698,0.1229,0.0308,944,588
925,0.1229,0.0335,945,317
412,0.1229,0.0307,946,603
666,0.1228,0.0307,947,607
592,0.1227,0.0343,948,265
105,0.1227,0.0339,949,291
916,0.1224,0.0306,950,619
866,0.1222,0.035,951,224
742,0.1222,0.0486,952,6
576,0.1221,0.0333,953,333
179,0.1221,0.0308,954,595
936,0.122,0.0466,955,10
55,0.1219,0.0398,956,41
933,0.1218,0.0351,957,219
769,0.1216,0.0346,958,243
324,0.1216,0.0348,959,235
176,0.1216,0.0342,960,271
571,0.1215,0.0304,961,636
953,0.1215,0.0303,962,642
37,0.1215,0.0304,963,632
395,0.1215,0.0338,964,294
687,0.1213,0.031,965,573
790,0.1213,0.0346,966,247
875,0.1213,0.0305,967,625
881,0.1212,0.0308,968,591
566,0.121,0.0307,969,610
466,0.1208,0.0429,970,21
587,0.1206,0.0335,971,318
940,0.1203,0.0336,972,309
657,0.1203,0.0333,973,332
348,0.1201,0.0319,974,464
458,0.1201,0.0342,975,275
935,0.1201,0.0372,976,117
754,0.1199,0.0302,977,652
345,0.1199,0.0331,978,351
383,0.1195,0.0372,979,116
403,0.1193,0.0492,980,2
842,0.1192,0.0436,981,19
29,0.119,0.0323,982,436
80,0.1189,0.0331,983,347
130,0.1187,0.0464,984,11
224,0.1187,0.0326,985,404
577,0.1184,0.0483,986,7
892,0.1181,0.0482,987,8
6,0.1172,0.0447,988,13
968,0.1167,0.0464,989,12
147,0.1161,0.0414,990,31
601,0.1105,0.0415,991,30
